{
  "project_info": {
    "project_number": "810574761374",
    "project_id": "chrips-931f4",
    "storage_bucket": "chrips-931f4.appspot.com"
  },
  "client": [
    {
      "client_info": {
        "mobilesdk_app_id": "1:810574761374:android:d8891f011d8226349c9a8f",
        "android_client_info": {
          "package_name": "a.co.varsitycollege.st10091229.poe"
        }
      },
      "oauth_client": [],
      "api_key": [
        {
          "current_key": "AIzaSyC4pUyI1JQNz2ffmR_vAijsM3JjieDbh5o"
        }
      ],
      "services": {
        "appinvite_service": {
          "other_platform_oauth_client": []
        }
      }
    },
    {
      "client_info": {
        "mobilesdk_app_id": "1:810574761374:android:7f1f2b9e4cd272919c9a8f",
        "android_client_info": {
          "package_name": "com.example.myloginapplication"
        }
      },
      "oauth_client": [],
      "api_key": [
        {
          "current_key": "AIzaSyC4pUyI1JQNz2ffmR_vAijsM3JjieDbh5o"
        }
      ],
      "services": {
        "appinvite_service": {
          "other_platform_oauth_client": []
        }
      }
    }
  ],
  "configuration_version": "1"
}